ticker,priority,added_at,is_processed
ARCI,1,2026-08-22 14:05:00.096481,f
PSAB,2,2026-08-22 14:05:00.096481,f
BRMS,3,2026-08-22 14:05:00.096481,f
SQMI,4,2026-08-22 14:05:00.096481,f
EMAS,5,2026-08-22 14:05:00.096481,f
MDKA,6,2026-08-24 09:30:40.494766,f
ANTM,7,2026-08-24 09:30:40.494766,f
HRTA,8,2026-08-24 09:30:40.494766,f
AMMN,9,2026-08-24 09:30:40.494766,f
AADI,10,2026-09-05 12:19:54.432409,f
AALI,11,2026-09-05 12:19:54.432409,f
ABBA,12,2026-09-05 12:19:54.432409,f
ABDA,13,2026-09-05 12:19:54.432409,f
ABMM,14,2026-09-05 12:19:54.432409,f
ACES,15,2026-09-05 12:19:54.432409,f
ACRO,16,2026-09-05 12:19:54.432409,f
ACST,17,2026-09-05 12:19:54.432409,f
ADCP,18,2026-09-05 12:19:54.432409,f
ADES,19,2026-09-05 12:19:54.432409,f
ADHI,20,2026-09-05 12:19:54.432409,f
ADMF,21,2026-09-05 12:19:54.432409,f
ADMG,22,2026-09-05 12:19:54.432409,f
ADMR,23,2026-09-05 12:19:54.432409,f
ADRO,24,2026-09-05 12:19:54.432409,f
AEGS,25,2026-09-05 12:19:54.432409,f
AGAR,26,2026-09-05 12:19:54.432409,f
AGII,27,2026-09-05 12:19:54.432409,f
AGRO,28,2026-09-05 12:19:54.432409,f
AGRS,29,2026-09-05 12:19:54.432409,f
AHAP,30,2026-09-05 12:19:54.432409,f
AIMS,31,2026-09-05 12:19:54.432409,f
AISA,32,2026-09-05 12:19:54.432409,f
AKKU,33,2026-09-05 12:19:54.432409,f
AKPI,34,2026-09-05 12:19:54.432409,f
AKRA,35,2026-09-05 12:19:54.432409,f
AKSI,36,2026-09-05 12:19:54.432409,f
ALDO,37,2026-09-05 12:19:54.432409,f
ALII,38,2026-09-05 12:19:54.432409,f
ALKA,39,2026-09-05 12:19:54.432409,f
ALMI,40,2026-09-05 12:19:54.432409,f
ALTO,41,2026-09-05 12:19:54.432409,f
AMAG,42,2026-09-05 12:19:54.432409,f
AMAN,43,2026-09-05 12:19:54.432409,f
AMAR,44,2026-09-05 12:19:54.432409,f
AMFG,45,2026-09-05 12:19:54.432409,f
AMIN,46,2026-09-05 12:19:54.432409,f
AMMS,47,2026-09-05 12:19:54.432409,f
AMOR,48,2026-09-05 12:19:54.432409,f
AMRT,49,2026-09-05 12:19:54.432409,f
ANDI,50,2026-09-05 12:19:54.432409,f
ANJT,51,2026-09-05 12:19:54.432409,f
APEX,52,2026-09-05 12:19:54.432409,f
APIC,53,2026-09-05 12:19:54.432409,f
APII,54,2026-09-05 12:19:54.432409,f
APLI,55,2026-09-05 12:19:54.432409,f
APLN,56,2026-09-05 12:19:54.432409,f
AREA,57,2026-09-05 12:19:54.432409,f
ARGO,58,2026-09-05 12:19:54.432409,f
ARII,59,2026-09-05 12:19:54.432409,f
ARKA,60,2026-09-05 12:19:54.432409,f
ARKO,61,2026-09-05 12:19:54.432409,f
ARMY,62,2026-09-05 12:19:54.432409,f
ARNA,63,2026-09-05 12:19:54.432409,f
ARTA,64,2026-09-05 12:19:54.432409,f
ARTI,65,2026-09-05 12:19:54.432409,f
ARTO,66,2026-09-05 12:19:54.432409,f
ASBI,67,2026-09-05 12:19:54.432409,f
ASDM,68,2026-09-05 12:19:54.432409,f
ASGR,69,2026-09-05 12:19:54.432409,f
ASHA,70,2026-09-05 12:19:54.432409,f
ASII,71,2026-09-05 12:19:54.432409,f
ASJT,72,2026-09-05 12:19:54.432409,f
ASLC,73,2026-09-05 12:19:54.432409,f
ASLI,74,2026-09-05 12:19:54.432409,f
ASMI,75,2026-09-05 12:19:54.432409,f
ASPI,76,2026-09-05 12:19:54.432409,f
ASPR,77,2026-09-05 12:19:54.432409,f
ASRM,78,2026-09-05 12:19:54.432409,f
ASSA,79,2026-09-05 12:19:54.432409,f
ATAP,80,2026-09-05 12:19:54.432409,f
ATIC,81,2026-09-05 12:19:54.432409,f
ATLA,82,2026-09-05 12:19:54.432409,f
AUTO,83,2026-09-05 12:19:54.432409,f
AVIA,84,2026-09-05 12:19:54.432409,f
AWAN,85,2026-09-05 12:19:54.432409,f
AXIO,86,2026-09-05 12:19:54.432409,f
AYAM,87,2026-09-05 12:19:54.432409,f
AYLS,88,2026-09-05 12:19:54.432409,f
BABP,89,2026-09-05 12:19:54.432409,f
BABY,90,2026-09-05 12:19:54.432409,f
BACA,91,2026-09-05 12:19:54.432409,f
BACH,92,2026-09-05 12:19:54.432409,f
BAIK,93,2026-09-05 12:19:54.432409,f
BAJA,94,2026-09-05 12:19:54.432409,f
BALI,95,2026-09-05 12:19:54.432409,f
BANK,96,2026-09-05 12:19:54.432409,f
BAPA,97,2026-09-05 12:19:54.432409,f
BAPI,98,2026-09-05 12:19:54.432409,f
BATA,99,2026-09-05 12:19:54.432409,f
BATR,100,2026-09-05 12:19:54.432409,f
BAUT,101,2026-09-05 12:19:54.432409,f
BAYU,102,2026-09-05 12:19:54.432409,f
BBCA,103,2026-09-05 12:19:54.432409,f
BBHI,104,2026-09-05 12:19:54.432409,f
BBKP,105,2026-09-05 12:19:54.432409,f
BBLD,106,2026-09-05 12:19:54.432409,f
BBMD,107,2026-09-05 12:19:54.432409,f
BBNI,108,2026-09-05 12:19:54.432409,f
BBRI,109,2026-09-05 12:19:54.432409,f
BBRM,110,2026-09-05 12:19:54.432409,f
BBSI,111,2026-09-05 12:19:54.432409,f
BBSS,112,2026-09-05 12:19:54.432409,f
BBTN,113,2026-09-05 12:19:54.432409,f
BBYB,114,2026-09-05 12:19:54.432409,f
BCAP,115,2026-09-05 12:19:54.432409,f
BCIC,116,2026-09-05 12:19:54.432409,f
BCIP,117,2026-09-05 12:19:54.432409,f
BDKR,118,2026-09-05 12:19:54.432409,f
BDMN,119,2026-09-05 12:19:54.432409,f
BEBS,120,2026-09-05 12:19:54.432409,f
BEEF,121,2026-09-05 12:19:54.432409,f
BEER,122,2026-09-05 12:19:54.432409,f
BEKS,123,2026-09-05 12:19:54.432409,f
BELI,124,2026-09-05 12:19:54.432409,f
BELL,125,2026-09-05 12:19:54.432409,f
BESS,126,2026-09-05 12:19:54.432409,f
BEST,127,2026-09-05 12:19:54.432409,f
BFIN,128,2026-09-05 12:19:54.432409,f
BGTG,129,2026-09-05 12:19:54.432409,f
BHAT,130,2026-09-05 12:19:54.432409,f
BHIT,131,2026-09-05 12:19:54.432409,f
BIKA,132,2026-09-05 12:19:54.432409,f
BIKE,133,2026-09-05 12:19:54.432409,f
BIMA,134,2026-09-05 12:19:54.432409,f
BINA,135,2026-09-05 12:19:54.432409,f
BINO,136,2026-09-05 12:19:54.432409,f
BIPI,137,2026-09-05 12:19:54.432409,f
BIPP,138,2026-09-05 12:19:54.432409,f
BIRD,139,2026-09-05 12:19:54.432409,f
BISI,140,2026-09-05 12:19:54.432409,f
BJBR,141,2026-09-05 12:19:54.432409,f
BJTM,142,2026-09-05 12:19:54.432409,f
BKDP,143,2026-09-05 12:19:54.432409,f
BKSL,144,2026-09-05 12:19:54.432409,f
BKSW,145,2026-09-05 12:19:54.432409,f
BLES,146,2026-09-05 12:19:54.432409,f
BLOG,147,2026-09-05 12:19:54.432409,f
BLTA,148,2026-09-05 12:19:54.432409,f
BLTZ,149,2026-09-05 12:19:54.432409,f
BLUE,150,2026-09-05 12:19:54.432409,f
BMAS,151,2026-09-05 12:19:54.432409,f
BMBL,152,2026-09-05 12:19:54.432409,f
BMHS,153,2026-09-05 12:19:54.432409,f
BMRI,154,2026-09-05 12:19:54.432409,f
BMSR,155,2026-09-05 12:19:54.432409,f
BMTR,156,2026-09-05 12:19:54.432409,f
BNBA,157,2026-09-05 12:19:54.432409,f
BNBR,158,2026-09-05 12:19:54.432409,f
BNGA,159,2026-09-05 12:19:54.432409,f
BNII,160,2026-09-05 12:19:54.432409,f
BNLI,161,2026-09-05 12:19:54.432409,f
BOAT,162,2026-09-05 12:19:54.432409,f
BOBA,163,2026-09-05 12:19:54.432409,f
BOGA,164,2026-09-05 12:19:54.432409,f
BOLA,165,2026-09-05 12:19:54.432409,f
BOLT,166,2026-09-05 12:19:54.432409,f
BOSS,167,2026-09-05 12:19:54.432409,f
BPFI,168,2026-09-05 12:19:54.432409,f
BPII,169,2026-09-05 12:19:54.432409,f
BPTR,170,2026-09-05 12:19:54.432409,f
BRAM,171,2026-09-05 12:19:54.432409,f
BREN,172,2026-09-05 12:19:54.432409,f
BRIS,173,2026-09-05 12:19:54.432409,f
BRNA,174,2026-09-05 12:19:54.432409,f
BRPT,175,2026-09-05 12:19:54.432409,f
BRRC,176,2026-09-05 12:19:54.432409,f
BSBK,177,2026-09-05 12:19:54.432409,f
BSDE,178,2026-09-05 12:19:54.432409,f
BSIM,179,2026-09-05 12:19:54.432409,f
BSML,180,2026-09-05 12:19:54.432409,f
BSSR,181,2026-09-05 12:19:54.432409,f
BSWD,182,2026-09-05 12:19:54.432409,f
BTEK,183,2026-09-05 12:19:54.432409,f
BTEL,184,2026-09-05 12:19:54.432409,f
BTON,185,2026-09-05 12:19:54.432409,f
BTPN,186,2026-09-05 12:19:54.432409,f
BTPS,187,2026-09-05 12:19:54.432409,f
BUAH,188,2026-09-05 12:19:54.432409,f
BUDI,189,2026-09-05 12:19:54.432409,f
BUKA,190,2026-09-05 12:19:54.432409,f
BUKK,191,2026-09-05 12:19:54.432409,f
BULL,192,2026-09-05 12:19:54.432409,f
BUMI,193,2026-09-05 12:19:54.432409,f
BUVA,194,2026-09-05 12:19:54.432409,f
BVIC,195,2026-09-05 12:19:54.432409,f
BWPT,196,2026-09-05 12:19:54.432409,f
BYAN,197,2026-09-05 12:19:54.432409,f
CAKK,198,2026-09-05 12:19:54.432409,f
CAMP,199,2026-09-05 12:19:54.432409,f
CANI,200,2026-09-05 12:19:54.432409,f
CARE,201,2026-09-05 12:19:54.432409,f
CARS,202,2026-09-05 12:19:54.432409,f
CASA,203,2026-09-05 12:19:54.432409,f
CASH,204,2026-09-05 12:19:54.432409,f
CASS,205,2026-09-05 12:19:54.432409,f
CBDK,206,2026-09-05 12:19:54.432409,f
CBMF,207,2026-09-05 12:19:54.432409,f
CBPE,208,2026-09-05 12:19:54.432409,f
CBRE,209,2026-09-05 12:19:54.432409,f
CBUT,210,2026-09-05 12:19:54.432409,f
CCSI,211,2026-09-05 12:19:54.432409,f
CDIA,212,2026-09-05 12:19:54.432409,f
CEKA,213,2026-09-05 12:19:54.432409,f
CENT,214,2026-09-05 12:19:54.432409,f
CFIN,215,2026-09-05 12:19:54.432409,f
CGAS,216,2026-09-05 12:19:54.432409,f
CHEK,217,2026-09-05 12:19:54.432409,f
CHEM,218,2026-09-05 12:19:54.432409,f
CHIP,219,2026-09-05 12:19:54.432409,f
CINT,220,2026-09-05 12:19:54.432409,f
CITA,221,2026-09-05 12:19:54.432409,f
CITY,222,2026-09-05 12:19:54.432409,f
CLAY,223,2026-09-05 12:19:54.432409,f
CLEO,224,2026-09-05 12:19:54.432409,f
CLPI,225,2026-09-05 12:19:54.432409,f
CMNP,226,2026-09-05 12:19:54.432409,f
CMNT,227,2026-09-05 12:19:54.432409,f
CMPP,228,2026-09-05 12:19:54.432409,f
CMRY,229,2026-09-05 12:19:54.432409,f
CNKO,230,2026-09-05 12:19:54.432409,f
CNMA,231,2026-09-05 12:19:54.432409,f
COAL,232,2026-09-05 12:19:54.432409,f
COCO,233,2026-09-05 12:19:54.432409,f
COIN,234,2026-09-05 12:19:54.432409,f
COWL,235,2026-09-05 12:19:54.432409,f
CPIN,236,2026-09-05 12:19:54.432409,f
CPRI,237,2026-09-05 12:19:54.432409,f
CPRO,238,2026-09-05 12:19:54.432409,f
CRAB,239,2026-09-05 12:19:54.432409,f
CRSN,240,2026-09-05 12:19:54.432409,f
CSAP,241,2026-09-05 12:19:54.432409,f
CSIS,242,2026-09-05 12:19:54.432409,f
CSMI,243,2026-09-05 12:19:54.432409,f
CSRA,244,2026-09-05 12:19:54.432409,f
CTBN,245,2026-09-05 12:19:54.432409,f
CTRA,246,2026-09-05 12:19:54.432409,f
CTTH,247,2026-09-05 12:19:54.432409,f
CUAN,248,2026-09-05 12:19:54.432409,f
CYBR,249,2026-09-05 12:19:54.432409,f
DAAZ,250,2026-09-05 12:19:54.432409,f
DADA,251,2026-09-05 12:19:54.432409,f
DART,252,2026-09-05 12:19:54.432409,f
DATA,253,2026-09-05 12:19:54.432409,f
DAYA,254,2026-09-05 12:19:54.432409,f
DCII,255,2026-09-05 12:19:54.432409,f
DEAL,256,2026-09-05 12:19:54.432409,f
DEFI,257,2026-09-05 12:19:54.432409,f
DEPO,258,2026-09-05 12:19:54.432409,f
DEWA,259,2026-09-05 12:19:54.432409,f
DEWI,260,2026-09-05 12:19:54.432409,f
DFAM,261,2026-09-05 12:19:54.432409,f
DGIK,262,2026-09-05 12:19:54.432409,f
DGNS,263,2026-09-05 12:19:54.432409,f
DGWG,264,2026-09-05 12:19:54.432409,f
DIGI,265,2026-09-05 12:19:54.432409,f
DILD,266,2026-09-05 12:19:54.432409,f
DIVA,267,2026-09-05 12:19:54.432409,f
DKFT,268,2026-09-05 12:19:54.432409,f
DKHH,269,2026-09-05 12:19:54.432409,f
DLTA,270,2026-09-05 12:19:54.432409,f
DMAS,271,2026-09-05 12:19:54.432409,f
DMMX,272,2026-09-05 12:19:54.432409,f
DMND,273,2026-09-05 12:19:54.432409,f
DNAR,274,2026-09-05 12:19:54.432409,f
DNET,275,2026-09-05 12:19:54.432409,f
DOID,276,2026-09-05 12:19:54.432409,f
DOOH,277,2026-09-05 12:19:54.432409,f
DOSS,278,2026-09-05 12:19:54.432409,f
DPNS,279,2026-09-05 12:19:54.432409,f
DPUM,280,2026-09-05 12:19:54.432409,f
DRMA,281,2026-09-05 12:19:54.432409,f
DSFI,282,2026-09-05 12:19:54.432409,f
DSNG,283,2026-09-05 12:19:54.432409,f
DSSA,284,2026-09-05 12:19:54.432409,f
DUCK,285,2026-09-05 12:19:54.432409,f
DUTI,286,2026-09-05 12:19:54.432409,f
DVLA,287,2026-09-05 12:19:54.432409,f
DWGL,288,2026-09-05 12:19:54.432409,f
DYAN,289,2026-09-05 12:19:54.432409,f
EAST,290,2026-09-05 12:19:54.432409,f
ECII,291,2026-09-05 12:19:54.432409,f
EDGE,292,2026-09-05 12:19:54.432409,f
EKAD,293,2026-09-05 12:19:54.432409,f
ELIT,294,2026-09-05 12:19:54.432409,f
ELPI,295,2026-09-05 12:19:54.432409,f
ELSA,296,2026-09-05 12:19:54.432409,f
ELTY,297,2026-09-05 12:19:54.432409,f
EMDE,298,2026-09-05 12:19:54.432409,f
EMMI,299,2026-09-05 12:19:54.432409,f
EMTK,300,2026-09-05 12:19:54.432409,f
ENAK,301,2026-09-05 12:19:54.432409,f
ENRG,302,2026-09-05 12:19:54.432409,f
ENVY,303,2026-09-05 12:19:54.432409,f
ENZO,304,2026-09-05 12:19:54.432409,f
EPAC,305,2026-09-05 12:19:54.432409,f
EPMT,306,2026-09-05 12:19:54.432409,f
ERAA,307,2026-09-05 12:19:54.432409,f
ERAL,308,2026-09-05 12:19:54.432409,f
ERTX,309,2026-09-05 12:19:54.432409,f
ESIP,310,2026-09-05 12:19:54.432409,f
ESSA,311,2026-09-05 12:19:54.432409,f
ESTA,312,2026-09-05 12:19:54.432409,f
ESTI,313,2026-09-05 12:19:54.432409,f
ETWA,314,2026-09-05 12:19:54.432409,f
EURO,315,2026-09-05 12:19:54.432409,f
EXCL,316,2026-09-05 12:19:54.432409,f
FAPA,317,2026-09-05 12:19:54.432409,f
FAST,318,2026-09-05 12:19:54.432409,f
FASW,319,2026-09-05 12:19:54.432409,f
FILM,320,2026-09-05 12:19:54.432409,f
FIMP,321,2026-09-05 12:19:54.432409,f
FIRE,322,2026-09-05 12:19:54.432409,f
FISH,323,2026-09-05 12:19:54.432409,f
FITT,324,2026-09-05 12:19:54.432409,f
FLMC,325,2026-09-05 12:19:54.432409,f
FMII,326,2026-09-05 12:19:54.432409,f
FOLK,327,2026-09-05 12:19:54.432409,f
FOOD,328,2026-09-05 12:19:54.432409,f
FORE,329,2026-09-05 12:19:54.432409,f
FORU,330,2026-09-05 12:19:54.432409,f
FPNI,331,2026-09-05 12:19:54.432409,f
FUJI,332,2026-09-05 12:19:54.432409,f
FUTR,333,2026-09-05 12:19:54.432409,f
FWCT,334,2026-09-05 12:19:54.432409,f
GAMA,335,2026-09-05 12:19:54.432409,f
GDST,336,2026-09-05 12:19:54.432409,f
GDYR,337,2026-09-05 12:19:54.432409,f
GEMA,338,2026-09-05 12:19:54.432409,f
GEMS,339,2026-09-05 12:19:54.432409,f
GGRM,340,2026-09-05 12:19:54.432409,f
GGRP,341,2026-09-05 12:19:54.432409,f
GHON,342,2026-09-05 12:19:54.432409,f
GIAA,343,2026-09-05 12:19:54.432409,f
GJTL,344,2026-09-05 12:19:54.432409,f
GLOB,345,2026-09-05 12:19:54.432409,f
GLVA,346,2026-09-05 12:19:54.432409,f
GMFI,347,2026-09-05 12:19:54.432409,f
GMTD,348,2026-09-05 12:19:54.432409,f
GOLD,349,2026-09-05 12:19:54.432409,f
GOLF,350,2026-09-05 12:19:54.432409,f
GOLL,351,2026-09-05 12:19:54.432409,f
GOOD,352,2026-09-05 12:19:54.432409,f
GOTO,353,2026-09-05 12:19:54.432409,f
GPRA,354,2026-09-05 12:19:54.432409,f
GPSO,355,2026-09-05 12:19:54.432409,f
GRIA,356,2026-09-05 12:19:54.432409,f
GRPH,357,2026-09-05 12:19:54.432409,f
GRPM,358,2026-09-05 12:19:54.432409,f
GSMF,359,2026-09-05 12:19:54.432409,f
GTBO,360,2026-09-05 12:19:54.432409,f
GTRA,361,2026-09-05 12:19:54.432409,f
GTSI,362,2026-09-05 12:19:54.432409,f
GULA,363,2026-09-05 12:19:54.432409,f
GUNA,364,2026-09-05 12:19:54.432409,f
GWSA,365,2026-09-05 12:19:54.432409,f
GZCO,366,2026-09-05 12:19:54.432409,f
HADE,367,2026-09-05 12:19:54.432409,f
HAIS,368,2026-09-05 12:19:54.432409,f
HAJJ,369,2026-09-05 12:19:54.432409,f
HALO,370,2026-09-05 12:19:54.432409,f
HATM,371,2026-09-05 12:19:54.432409,f
HBAT,372,2026-09-05 12:19:54.432409,f
HDFA,373,2026-09-05 12:19:54.432409,f
HDIT,374,2026-09-05 12:19:54.432409,f
HEAL,375,2026-09-05 12:19:54.432409,f
HELI,376,2026-09-05 12:19:54.432409,f
HERO,377,2026-09-05 12:19:54.432409,f
HEXA,378,2026-09-05 12:19:54.432409,f
HGII,379,2026-09-05 12:19:54.432409,f
HILL,380,2026-09-05 12:19:54.432409,f
HITS,381,2026-09-05 12:19:54.432409,f
HKMU,382,2026-09-05 12:19:54.432409,f
HMSP,383,2026-09-05 12:19:54.432409,f
HOKI,384,2026-09-05 12:19:54.432409,f
HOME,385,2026-09-05 12:19:54.432409,f
HOMI,386,2026-09-05 12:19:54.432409,f
HOPE,387,2026-09-05 12:19:54.432409,f
HOTL,388,2026-09-05 12:19:54.432409,f
HRME,389,2026-09-05 12:19:54.432409,f
HRUM,390,2026-09-05 12:19:54.432409,f
HUMI,391,2026-09-05 12:19:54.432409,f
HYGN,392,2026-09-05 12:19:54.432409,f
IATA,393,2026-09-05 12:19:54.432409,f
IBFN,394,2026-09-05 12:19:54.432409,f
IBOS,395,2026-09-05 12:19:54.432409,f
IBST,396,2026-09-05 12:19:54.432409,f
ICBP,397,2026-09-05 12:19:54.432409,f
ICON,398,2026-09-05 12:19:54.432409,f
IDEA,399,2026-09-05 12:19:54.432409,f
IDPR,400,2026-09-05 12:19:54.432409,f
IFII,401,2026-09-05 12:19:54.432409,f
IFSH,402,2026-09-05 12:19:54.432409,f
IGAR,403,2026-09-05 12:19:54.432409,f
IIKP,404,2026-09-05 12:19:54.432409,f
IKAI,405,2026-09-05 12:19:54.432409,f
IKAN,406,2026-09-05 12:19:54.432409,f
IKBI,407,2026-09-05 12:19:54.432409,f
IKPM,408,2026-09-05 12:19:54.432409,f
IMAS,409,2026-09-05 12:19:54.432409,f
IMJS,410,2026-09-05 12:19:54.432409,f
IMPC,411,2026-09-05 12:19:54.432409,f
INAF,412,2026-09-05 12:19:54.432409,f
INAI,413,2026-09-05 12:19:54.432409,f
INCF,414,2026-09-05 12:19:54.432409,f
INCI,415,2026-09-05 12:19:54.432409,f
INCO,416,2026-09-05 12:19:54.432409,f
INDF,417,2026-09-05 12:19:54.432409,f
INDO,418,2026-09-05 12:19:54.432409,f
INDR,419,2026-09-05 12:19:54.432409,f
INDS,420,2026-09-05 12:19:54.432409,f
INDX,421,2026-09-05 12:19:54.432409,f
INDY,422,2026-09-05 12:19:54.432409,f
INET,423,2026-09-05 12:19:54.432409,f
INKP,424,2026-09-05 12:19:54.432409,f
INOV,425,2026-09-05 12:19:54.432409,f
INPC,426,2026-09-05 12:19:54.432409,f
INPP,427,2026-09-05 12:19:54.432409,f
INPS,428,2026-09-05 12:19:54.432409,f
INRU,429,2026-09-05 12:19:54.432409,f
INTA,430,2026-09-05 12:19:54.432409,f
INTD,431,2026-09-05 12:19:54.432409,f
INTP,432,2026-09-05 12:19:54.432409,f
IOTF,433,2026-09-05 12:19:54.432409,f
IPAC,434,2026-09-05 12:19:54.432409,f
IPCC,435,2026-09-05 12:19:54.432409,f
IPCM,436,2026-09-05 12:19:54.432409,f
IPOL,437,2026-09-05 12:19:54.432409,f
IPPE,438,2026-09-05 12:19:54.432409,f
IPTV,439,2026-09-05 12:19:54.432409,f
IRRA,440,2026-09-05 12:19:54.432409,f
IRSX,441,2026-09-05 12:19:54.432409,f
ISAP,442,2026-09-05 12:19:54.432409,f
ISAT,443,2026-09-05 12:19:54.432409,f
ISEA,444,2026-09-05 12:19:54.432409,f
ISSP,445,2026-09-05 12:19:54.432409,f
ITIC,446,2026-09-05 12:19:54.432409,f
ITMA,447,2026-09-05 12:19:54.432409,f
ITMG,448,2026-09-05 12:19:54.432409,f
JARR,449,2026-09-05 12:19:54.432409,f
JAST,450,2026-09-05 12:19:54.432409,f
JATI,451,2026-09-05 12:19:54.432409,f
JAWA,452,2026-09-05 12:19:54.432409,f
JAYA,453,2026-09-05 12:19:54.432409,f
JECC,454,2026-09-05 12:19:54.432409,f
JECX,455,2026-09-05 12:19:54.432409,f
JELI,456,2026-09-05 12:19:54.432409,f
JGLE,457,2026-09-05 12:19:54.432409,f
JIHD,458,2026-09-05 12:19:54.432409,f
JKON,459,2026-09-05 12:19:54.432409,f
JMAS,460,2026-09-05 12:19:54.432409,f
JPFA,461,2026-09-05 12:19:54.432409,f
JRPT,462,2026-09-05 12:19:54.432409,f
JSKY,463,2026-09-05 12:19:54.432409,f
JSMR,464,2026-09-05 12:19:54.432409,f
JSPT,465,2026-09-05 12:19:54.432409,f
JTPE,466,2026-09-05 12:19:54.432409,f
KAEF,467,2026-09-05 12:19:54.432409,f
KAQI,468,2026-09-05 12:19:54.432409,f
KARW,469,2026-09-05 12:19:54.432409,f
KAYU,470,2026-09-05 12:19:54.432409,f
KBAG,471,2026-09-05 12:19:54.432409,f
KBLI,472,2026-09-05 12:19:54.432409,f
KBLM,473,2026-09-05 12:19:54.432409,f
KBLV,474,2026-09-05 12:19:54.432409,f
KBRI,475,2026-09-05 12:19:54.432409,f
KDSI,476,2026-09-05 12:19:54.432409,f
KDTN,477,2026-09-05 12:19:54.432409,f
KEEN,478,2026-09-05 12:19:54.432409,f
KEJU,479,2026-09-05 12:19:54.432409,f
KETR,480,2026-09-05 12:19:54.432409,f
KIAS,481,2026-09-05 12:19:54.432409,f
KICI,482,2026-09-05 12:19:54.432409,f
KIJA,483,2026-09-05 12:19:54.432409,f
KING,484,2026-09-05 12:19:54.432409,f
KINO,485,2026-09-05 12:19:54.432409,f
KIOS,486,2026-09-05 12:19:54.432409,f
KJEN,487,2026-09-05 12:19:54.432409,f
KKES,488,2026-09-05 12:19:54.432409,f
KKGI,489,2026-09-05 12:19:54.432409,f
KLAS,490,2026-09-05 12:19:54.432409,f
KLBF,491,2026-09-05 12:19:54.432409,f
KLGS,492,2026-09-05 12:19:54.432409,f
KLIN,493,2026-09-05 12:19:54.432409,f
KMDS,494,2026-09-05 12:19:54.432409,f
KMTR,495,2026-09-05 12:19:54.432409,f
KOBX,496,2026-09-05 12:19:54.432409,f
KOCI,497,2026-09-05 12:19:54.432409,f
KOIN,498,2026-09-05 12:19:54.432409,f
KOKA,499,2026-09-05 12:19:54.432409,f
KONI,500,2026-09-05 12:19:54.432409,f
KOPI,501,2026-09-05 12:19:54.432409,f
KOTA,502,2026-09-05 12:19:54.432409,f
KPIG,503,2026-09-05 12:19:54.432409,f
KRAS,504,2026-09-05 12:19:54.432409,f
KREN,505,2026-09-05 12:19:54.432409,f
KRYA,506,2026-09-05 12:19:54.432409,f
KSIX,507,2026-09-05 12:19:54.432409,f
KUAS,508,2026-09-05 12:19:54.432409,f
LABA,509,2026-09-05 12:19:54.432409,f
LABS,510,2026-09-05 12:19:54.432409,f
LAJU,511,2026-09-05 12:19:54.432409,f
LAND,512,2026-09-05 12:19:54.432409,f
LAPD,513,2026-09-05 12:19:54.432409,f
LCGP,514,2026-09-05 12:19:54.432409,f
LCKM,515,2026-09-05 12:19:54.432409,f
LEAD,516,2026-09-05 12:19:54.432409,f
LFLO,517,2026-09-05 12:19:54.432409,f
LIFE,518,2026-09-05 12:19:54.432409,f
LINK,519,2026-09-05 12:19:54.432409,f
LION,520,2026-09-05 12:19:54.432409,f
LIVE,521,2026-09-05 12:19:54.432409,f
LMAS,522,2026-09-05 12:19:54.432409,f
LMAX,523,2026-09-05 12:19:54.432409,f
LMPI,524,2026-09-05 12:19:54.432409,f
LMSH,525,2026-09-05 12:19:54.432409,f
LOPI,526,2026-09-05 12:19:54.432409,f
LPCK,527,2026-09-05 12:19:54.432409,f
LPGI,528,2026-09-05 12:19:54.432409,f
LPIN,529,2026-09-05 12:19:54.432409,f
LPKR,530,2026-09-05 12:19:54.432409,f
LPLI,531,2026-09-05 12:19:54.432409,f
LPPF,532,2026-09-05 12:19:54.432409,f
LPPS,533,2026-09-05 12:19:54.432409,f
LRNA,534,2026-09-05 12:19:54.432409,f
LSIP,535,2026-09-05 12:19:54.432409,f
LTLS,536,2026-09-05 12:19:54.432409,f
LUCK,537,2026-09-05 12:19:54.432409,f
LUCY,538,2026-09-05 12:19:54.432409,f
MABA,539,2026-09-05 12:19:54.432409,f
MAGP,540,2026-09-05 12:19:54.432409,f
MAHA,541,2026-09-05 12:19:54.432409,f
MAIN,542,2026-09-05 12:19:54.432409,f
MANG,543,2026-09-05 12:19:54.432409,f
MAPA,544,2026-09-05 12:19:54.432409,f
MAPB,545,2026-09-05 12:19:54.432409,f
MAPI,546,2026-09-05 12:19:54.432409,f
MARI,547,2026-09-05 12:19:54.432409,f
MARK,548,2026-09-05 12:19:54.432409,f
MASB,549,2026-09-05 12:19:54.432409,f
MAXI,550,2026-09-05 12:19:54.432409,f
MAYA,551,2026-09-05 12:19:54.432409,f
MBAP,552,2026-09-05 12:19:54.432409,f
MBMA,553,2026-09-05 12:19:54.432409,f
MBSS,554,2026-09-05 12:19:54.432409,f
MBTO,555,2026-09-05 12:19:54.432409,f
MCAS,556,2026-09-05 12:19:54.432409,f
MCOL,557,2026-09-05 12:19:54.432409,f
MCOR,558,2026-09-05 12:19:54.432409,f
MDIA,559,2026-09-05 12:19:54.432409,f
MDIY,560,2026-09-05 12:19:54.432409,f
MDKI,561,2026-09-05 12:19:54.432409,f
MDLA,562,2026-09-05 12:19:54.432409,f
MDLN,563,2026-09-05 12:19:54.432409,f
MDRN,564,2026-09-05 12:19:54.432409,f
MEDC,565,2026-09-05 12:19:54.432409,f
MEDS,566,2026-09-05 12:19:54.432409,f
MEGA,567,2026-09-05 12:19:54.432409,f
MEJA,568,2026-09-05 12:19:54.432409,f
MENN,569,2026-09-05 12:19:54.432409,f
MERI,570,2026-09-05 12:19:54.432409,f
MERK,571,2026-09-05 12:19:54.432409,f
META,572,2026-09-05 12:19:54.432409,f
MFMI,573,2026-09-05 12:19:54.432409,f
MGLV,574,2026-09-05 12:19:54.432409,f
MGNA,575,2026-09-05 12:19:54.432409,f
MGRO,576,2026-09-05 12:19:54.432409,f
MHKI,577,2026-09-05 12:19:54.432409,f
MICE,578,2026-09-05 12:19:54.432409,f
MIDI,579,2026-09-05 12:19:54.432409,f
MIKA,580,2026-09-05 12:19:54.432409,f
MINA,581,2026-09-05 12:19:54.432409,f
MINE,582,2026-09-05 12:19:54.432409,f
MIRA,583,2026-09-05 12:19:54.432409,f
MITI,584,2026-09-05 12:19:54.432409,f
MKAP,585,2026-09-05 12:19:54.432409,f
MKNT,586,2026-09-05 12:19:54.432409,f
MKPI,587,2026-09-05 12:19:54.432409,f
MKTR,588,2026-09-05 12:19:54.432409,f
MLBI,589,2026-09-05 12:19:54.432409,f
MLIA,590,2026-09-05 12:19:54.432409,f
MLPL,591,2026-09-05 12:19:54.432409,f
MLPT,592,2026-09-05 12:19:54.432409,f
MMIX,593,2026-09-05 12:19:54.432409,f
MMLP,594,2026-09-05 12:19:54.432409,f
MNCN,595,2026-09-05 12:19:54.432409,f
MOLI,596,2026-09-05 12:19:54.432409,f
MORA,597,2026-09-05 12:19:54.432409,f
MPIX,598,2026-09-05 12:19:54.432409,f
MPMX,599,2026-09-05 12:19:54.432409,f
MPOW,600,2026-09-05 12:19:54.432409,f
MPPA,601,2026-09-05 12:19:54.432409,f
MPRO,602,2026-09-05 12:19:54.432409,f
MPXL,603,2026-09-05 12:19:54.432409,f
MRAT,604,2026-09-05 12:19:54.432409,f
MREI,605,2026-09-05 12:19:54.432409,f
MSIE,606,2026-09-05 12:19:54.432409,f
MSIN,607,2026-09-05 12:19:54.432409,f
MSJA,608,2026-09-05 12:19:54.432409,f
MSKY,609,2026-09-05 12:19:54.432409,f
MSTI,610,2026-09-05 12:19:54.432409,f
MTDL,611,2026-09-05 12:19:54.432409,f
MTEL,612,2026-09-05 12:19:54.432409,f
MTFN,613,2026-09-05 12:19:54.432409,f
MTLA,614,2026-09-05 12:19:54.432409,f
MTMH,615,2026-09-05 12:19:54.432409,f
MTPS,616,2026-09-05 12:19:54.432409,f
MTRA,617,2026-09-05 12:19:54.432409,f
MTSM,618,2026-09-05 12:19:54.432409,f
MTWI,619,2026-09-05 12:19:54.432409,f
MUTU,620,2026-09-05 12:19:54.432409,f
MYOH,621,2026-09-05 12:19:54.432409,f
MYOR,622,2026-09-05 12:19:54.432409,f
MYTX,623,2026-09-05 12:19:54.432409,f
NAIK,624,2026-09-05 12:19:54.432409,f
NANO,625,2026-09-05 12:19:54.432409,f
NASA,626,2026-09-05 12:19:54.432409,f
NASI,627,2026-09-05 12:19:54.432409,f
NATO,628,2026-09-05 12:19:54.432409,f
NAYZ,629,2026-09-05 12:19:54.432409,f
NCKL,630,2026-09-05 12:19:54.432409,f
NELY,631,2026-09-05 12:19:54.432409,f
NEST,632,2026-09-05 12:19:54.432409,f
NETV,633,2026-09-05 12:19:54.432409,f
NFCX,634,2026-09-05 12:19:54.432409,f
NICE,635,2026-09-05 12:19:54.432409,f
NICK,636,2026-09-05 12:19:54.432409,f
NICL,637,2026-09-05 12:19:54.432409,f
NIKL,638,2026-09-05 12:19:54.432409,f
NINE,639,2026-09-05 12:19:54.432409,f
NIRO,640,2026-09-05 12:19:54.432409,f
NISP,641,2026-09-05 12:19:54.432409,f
NOBU,642,2026-09-05 12:19:54.432409,f
NPGF,643,2026-09-05 12:19:54.432409,f
NRCA,644,2026-09-05 12:19:54.432409,f
NSSS,645,2026-09-05 12:19:54.432409,f
NTBK,646,2026-09-05 12:19:54.432409,f
NUSA,647,2026-09-05 12:19:54.432409,f
NZIA,648,2026-09-05 12:19:54.432409,f
OASA,649,2026-09-05 12:19:54.432409,f
OBAT,650,2026-09-05 12:19:54.432409,f
OBMD,651,2026-09-05 12:19:54.432409,f
OCAP,652,2026-09-05 12:19:54.432409,f
OILS,653,2026-09-05 12:19:54.432409,f
OKAS,654,2026-09-05 12:19:54.432409,f
OLIV,655,2026-09-05 12:19:54.432409,f
OMED,656,2026-09-05 12:19:54.432409,f
OMRE,657,2026-09-05 12:19:54.432409,f
OPMS,658,2026-09-05 12:19:54.432409,f
PACK,659,2026-09-05 12:19:54.432409,f
PADA,660,2026-09-05 12:19:54.432409,f
PADI,661,2026-09-05 12:19:54.432409,f
PALM,662,2026-09-05 12:19:54.432409,f
PAMG,663,2026-09-05 12:19:54.432409,f
PANI,664,2026-09-05 12:19:54.432409,f
PANR,665,2026-09-05 12:19:54.432409,f
PANS,666,2026-09-05 12:19:54.432409,f
PART,667,2026-09-05 12:19:54.432409,f
PBID,668,2026-09-05 12:19:54.432409,f
PBRX,669,2026-09-05 12:19:54.432409,f
PBSA,670,2026-09-05 12:19:54.432409,f
PCAR,671,2026-09-05 12:19:54.432409,f
PDES,672,2026-09-05 12:19:54.432409,f
PDPP,673,2026-09-05 12:19:54.432409,f
PEGE,674,2026-09-05 12:19:54.432409,f
PEHA,675,2026-09-05 12:19:54.432409,f
PEVE,676,2026-09-05 12:19:54.432409,f
PGAS,677,2026-09-05 12:19:54.432409,f
PGEO,678,2026-09-05 12:19:54.432409,f
PGJO,679,2026-09-05 12:19:54.432409,f
PGLI,680,2026-09-05 12:19:54.432409,f
PGUN,681,2026-09-05 12:19:54.432409,f
PICO,682,2026-09-05 12:19:54.432409,f
PIPA,683,2026-09-05 12:19:54.432409,f
PJAA,684,2026-09-05 12:19:54.432409,f
PJHB,685,2026-09-05 12:19:54.432409,f
PKPK,686,2026-09-05 12:19:54.432409,f
PLAN,687,2026-09-05 12:19:54.432409,f
PLAS,688,2026-09-05 12:19:54.432409,f
PLIN,689,2026-09-05 12:19:54.432409,f
PMJS,690,2026-09-05 12:19:54.432409,f
PMMP,691,2026-09-05 12:19:54.432409,f
PMUI,692,2026-09-05 12:19:54.432409,f
PNBN,693,2026-09-05 12:19:54.432409,f
PNBS,694,2026-09-05 12:19:54.432409,f
PNGO,695,2026-09-05 12:19:54.432409,f
PNIN,696,2026-09-05 12:19:54.432409,f
PNLF,697,2026-09-05 12:19:54.432409,f
PNSE,698,2026-09-05 12:19:54.432409,f
POLA,699,2026-09-05 12:19:54.432409,f
POLI,700,2026-09-05 12:19:54.432409,f
POLL,701,2026-09-05 12:19:54.432409,f
POLU,702,2026-09-05 12:19:54.432409,f
POLY,703,2026-09-05 12:19:54.432409,f
POOL,704,2026-09-05 12:19:54.432409,f
PORT,705,2026-09-05 12:19:54.432409,f
POSA,706,2026-09-05 12:19:54.432409,f
POWR,707,2026-09-05 12:19:54.432409,f
PPGL,708,2026-09-05 12:19:54.432409,f
PPRE,709,2026-09-05 12:19:54.432409,f
PPRI,710,2026-09-05 12:19:54.432409,f
PPRO,711,2026-09-05 12:19:54.432409,f
PRAY,712,2026-09-05 12:19:54.432409,f
PRDA,713,2026-09-05 12:19:54.432409,f
PRDL,714,2026-09-05 12:19:54.432409,f
PRIM,715,2026-09-05 12:19:54.432409,f
PSAT,716,2026-09-05 12:19:54.432409,f
PSDN,717,2026-09-05 12:19:54.432409,f
PSGO,718,2026-09-05 12:19:54.432409,f
PSKT,719,2026-09-05 12:19:54.432409,f
PSSI,720,2026-09-05 12:19:54.432409,f
PTBA,721,2026-09-05 12:19:54.432409,f
PTDU,722,2026-09-05 12:19:54.432409,f
PTIS,723,2026-09-05 12:19:54.432409,f
PTMP,724,2026-09-05 12:19:54.432409,f
PTMR,725,2026-09-05 12:19:54.432409,f
PTPP,726,2026-09-05 12:19:54.432409,f
PTPS,727,2026-09-05 12:19:54.432409,f
PTPW,728,2026-09-05 12:19:54.432409,f
PTRO,729,2026-09-05 12:19:54.432409,f
PTSN,730,2026-09-05 12:19:54.432409,f
PTSP,731,2026-09-05 12:19:54.432409,f
PUDP,732,2026-09-05 12:19:54.432409,f
PURA,733,2026-09-05 12:19:54.432409,f
PURE,734,2026-09-05 12:19:54.432409,f
PURI,735,2026-09-05 12:19:54.432409,f
PWON,736,2026-09-05 12:19:54.432409,f
PYFA,737,2026-09-05 12:19:54.432409,f
PZZA,738,2026-09-05 12:19:54.432409,f
RAAM,739,2026-09-05 12:19:54.432409,f
RAFI,740,2026-09-05 12:19:54.432409,f
RAJA,741,2026-09-05 12:19:54.432409,f
RALS,742,2026-09-05 12:19:54.432409,f
RANC,743,2026-09-05 12:19:54.432409,f
RANS,744,2026-09-05 12:19:54.432409,f
RATU,745,2026-09-05 12:19:54.432409,f
RBMS,746,2026-09-05 12:19:54.432409,f
RCCC,747,2026-09-05 12:19:54.432409,f
RDTX,748,2026-09-05 12:19:54.432409,f
REAL,749,2026-09-05 12:19:54.432409,f
RELF,750,2026-09-05 12:19:54.432409,f
RELI,751,2026-09-05 12:19:54.432409,f
RGAS,752,2026-09-05 12:19:54.432409,f
RICY,753,2026-09-05 12:19:54.432409,f
RIGS,754,2026-09-05 12:19:54.432409,f
RIMO,755,2026-09-05 12:19:54.432409,f
RISE,756,2026-09-05 12:19:54.432409,f
RLCO,757,2026-09-05 12:19:54.432409,f
RMKE,758,2026-09-05 12:19:54.432409,f
RMKO,759,2026-09-05 12:19:54.432409,f
ROCK,760,2026-09-05 12:19:54.432409,f
RODA,761,2026-09-05 12:19:54.432409,f
RONY,762,2026-09-05 12:19:54.432409,f
ROTI,763,2026-09-05 12:19:54.432409,f
RSCH,764,2026-09-05 12:19:54.432409,f
RSGK,765,2026-09-05 12:19:54.432409,f
RUIS,766,2026-09-05 12:19:54.432409,f
RUNS,767,2026-09-05 12:19:54.432409,f
SAFE,768,2026-09-05 12:19:54.432409,f
SAGE,769,2026-09-05 12:19:54.432409,f
SAME,770,2026-09-05 12:19:54.432409,f
SAMF,771,2026-09-05 12:19:54.432409,f
SAPX,772,2026-09-05 12:19:54.432409,f
SATU,773,2026-09-05 12:19:54.432409,f
SBAT,774,2026-09-05 12:19:54.432409,f
SBMA,775,2026-09-05 12:19:54.432409,f
SCCO,776,2026-09-05 12:19:54.432409,f
SCMA,777,2026-09-05 12:19:54.432409,f
SCNP,778,2026-09-05 12:19:54.432409,f
SCPI,779,2026-09-05 12:19:54.432409,f
SDMU,780,2026-09-05 12:19:54.432409,f
SDPC,781,2026-09-05 12:19:54.432409,f
SDRA,782,2026-09-05 12:19:54.432409,f
SEMA,783,2026-09-05 12:19:54.432409,f
SFAN,784,2026-09-05 12:19:54.432409,f
SGER,785,2026-09-05 12:19:54.432409,f
SGRO,786,2026-09-05 12:19:54.432409,f
SHID,787,2026-09-05 12:19:54.432409,f
SHIP,788,2026-09-05 12:19:54.432409,f
SICO,789,2026-09-05 12:19:54.432409,f
SIDO,790,2026-09-05 12:19:54.432409,f
SILO,791,2026-09-05 12:19:54.432409,f
SIMA,792,2026-09-05 12:19:54.432409,f
SIMP,793,2026-09-05 12:19:54.432409,f
SINI,794,2026-09-05 12:19:54.432409,f
SIPD,795,2026-09-05 12:19:54.432409,f
SKBM,796,2026-09-05 12:19:54.432409,f
SKLT,797,2026-09-05 12:19:54.432409,f
SKRN,798,2026-09-05 12:19:54.432409,f
SKYB,799,2026-09-05 12:19:54.432409,f
SLIS,800,2026-09-05 12:19:54.432409,f
SMAR,801,2026-09-05 12:19:54.432409,f
SMBR,802,2026-09-05 12:19:54.432409,f
SMCB,803,2026-09-05 12:19:54.432409,f
SMDM,804,2026-09-05 12:19:54.432409,f
SMDR,805,2026-09-05 12:19:54.432409,f
SMGA,806,2026-09-05 12:19:54.432409,f
SMGR,807,2026-09-05 12:19:54.432409,f
SMIL,808,2026-09-05 12:19:54.432409,f
SMKL,809,2026-09-05 12:19:54.432409,f
SMKM,810,2026-09-05 12:19:54.432409,f
SMLE,811,2026-09-05 12:19:54.432409,f
SMMA,812,2026-09-05 12:19:54.432409,f
SMMT,813,2026-09-05 12:19:54.432409,f
SMRA,814,2026-09-05 12:19:54.432409,f
SMRU,815,2026-09-05 12:19:54.432409,f
SMSM,816,2026-09-05 12:19:54.432409,f
SNLK,817,2026-09-05 12:19:54.432409,f
SOCI,818,2026-09-05 12:19:54.432409,f
SOFA,819,2026-09-05 12:19:54.432409,f
SOHO,820,2026-09-05 12:19:54.432409,f
SOLA,821,2026-09-05 12:19:54.432409,f
SONA,822,2026-09-05 12:19:54.432409,f
SOSS,823,2026-09-05 12:19:54.432409,f
SOTS,824,2026-09-05 12:19:54.432409,f
SOUL,825,2026-09-05 12:19:54.432409,f
SPMA,826,2026-09-05 12:19:54.432409,f
SPRE,827,2026-09-05 12:19:54.432409,f
SPTO,828,2026-09-05 12:19:54.432409,f
SRAJ,829,2026-09-05 12:19:54.432409,f
SRIL,830,2026-09-05 12:19:54.432409,f
SRSN,831,2026-09-05 12:19:54.432409,f
SRTG,832,2026-09-05 12:19:54.432409,f
SSIA,833,2026-09-05 12:19:54.432409,f
SSMS,834,2026-09-05 12:19:54.432409,f
SSTM,835,2026-09-05 12:19:54.432409,f
STAA,836,2026-09-05 12:19:54.432409,f
STAR,837,2026-09-05 12:19:54.432409,f
STRK,838,2026-09-05 12:19:54.432409,f
STTP,839,2026-09-05 12:19:54.432409,f
SUGI,840,2026-09-05 12:19:54.432409,f
SULI,841,2026-09-05 12:19:54.432409,f
SUNI,842,2026-09-05 12:19:54.432409,f
SUPA,843,2026-09-05 12:19:54.432409,f
SUPR,844,2026-09-05 12:19:54.432409,f
SURE,845,2026-09-05 12:19:54.432409,f
SURI,846,2026-09-05 12:19:54.432409,f
SWAT,847,2026-09-05 12:19:54.432409,f
SWID,848,2026-09-05 12:19:54.432409,f
TALF,849,2026-09-05 12:19:54.432409,f
TAMA,850,2026-09-05 12:19:54.432409,f
TAMU,851,2026-09-05 12:19:54.432409,f
TAPG,852,2026-09-05 12:19:54.432409,f
TARA,853,2026-09-05 12:19:54.432409,f
TAXI,854,2026-09-05 12:19:54.432409,f
TAYS,855,2026-09-05 12:19:54.432409,f
TBIG,856,2026-09-05 12:19:54.432409,f
TBLA,857,2026-09-05 12:19:54.432409,f
TBMS,858,2026-09-05 12:19:54.432409,f
TCID,859,2026-09-05 12:19:54.432409,f
TCPI,860,2026-09-05 12:19:54.432409,f
TDPM,861,2026-09-05 12:19:54.432409,f
TEBE,862,2026-09-05 12:19:54.432409,f
TECH,863,2026-09-05 12:19:54.432409,f
TELE,864,2026-09-05 12:19:54.432409,f
TESTENAK,865,2026-09-05 12:19:54.432409,f
TESTSBKD,866,2026-09-05 12:19:54.432409,f
TFAS,867,2026-09-05 12:19:54.432409,f
TFCO,868,2026-09-05 12:19:54.432409,f
TGKA,869,2026-09-05 12:19:54.432409,f
TGRA,870,2026-09-05 12:19:54.432409,f
TGUK,871,2026-09-05 12:19:54.432409,f
TIFA,872,2026-09-05 12:19:54.432409,f
TINS,873,2026-09-05 12:19:54.432409,f
TIRA,874,2026-09-05 12:19:54.432409,f
TIRT,875,2026-09-05 12:19:54.432409,f
TKIM,876,2026-09-05 12:19:54.432409,f
TLDN,877,2026-09-05 12:19:54.432409,f
TLKM,878,2026-09-05 12:19:54.432409,f
TMAS,879,2026-09-05 12:19:54.432409,f
TMPO,880,2026-09-05 12:19:54.432409,f
TNCA,881,2026-09-05 12:19:54.432409,f
TOBA,882,2026-09-05 12:19:54.432409,f
TOOL,883,2026-09-05 12:19:54.432409,f
TOPS,884,2026-09-05 12:19:54.432409,f
TOSK,885,2026-09-05 12:19:54.432409,f
TOTL,886,2026-09-05 12:19:54.432409,f
TOTO,887,2026-09-05 12:19:54.432409,f
TOWR,888,2026-09-05 12:19:54.432409,f
TOYS,889,2026-09-05 12:19:54.432409,f
TPIA,890,2026-09-05 12:19:54.432409,f
TPMA,891,2026-09-05 12:19:54.432409,f
TRAM,892,2026-09-05 12:19:54.432409,f
TRGU,893,2026-09-05 12:19:54.432409,f
TRIL,894,2026-09-05 12:19:54.432409,f
TRIM,895,2026-09-05 12:19:54.432409,f
TRIN,896,2026-09-05 12:19:54.432409,f
TRIO,897,2026-09-05 12:19:54.432409,f
TRIS,898,2026-09-05 12:19:54.432409,f
TRJA,899,2026-09-05 12:19:54.432409,f
TRON,900,2026-09-05 12:19:54.432409,f
TRST,901,2026-09-05 12:19:54.432409,f
TRUE,902,2026-09-05 12:19:54.432409,f
TRUK,903,2026-09-05 12:19:54.432409,f
TRUS,904,2026-09-05 12:19:54.432409,f
TSPC,905,2026-09-05 12:19:54.432409,f
TUGU,906,2026-09-05 12:19:54.432409,f
TYRE,907,2026-09-05 12:19:54.432409,f
UANG,908,2026-09-05 12:19:54.432409,f
UCID,909,2026-09-05 12:19:54.432409,f
UDNG,910,2026-09-05 12:19:54.432409,f
UFOE,911,2026-09-05 12:19:54.432409,f
ULTJ,912,2026-09-05 12:19:54.432409,f
UNIC,913,2026-09-05 12:19:54.432409,f
UNIQ,914,2026-09-05 12:19:54.432409,f
UNIT,915,2026-09-05 12:19:54.432409,f
UNSP,916,2026-09-05 12:19:54.432409,f
UNTD,917,2026-09-05 12:19:54.432409,f
UNTR,918,2026-09-05 12:19:54.432409,f
UNVR,919,2026-09-05 12:19:54.432409,f
URBN,920,2026-09-05 12:19:54.432409,f
UVCR,921,2026-09-05 12:19:54.432409,f
VAST,922,2026-09-05 12:19:54.432409,f
VERN,923,2026-09-05 12:19:54.432409,f
VICI,924,2026-09-05 12:19:54.432409,f
VICO,925,2026-09-05 12:19:54.432409,f
VINS,926,2026-09-05 12:19:54.432409,f
VISI,927,2026-09-05 12:19:54.432409,f
VIVA,928,2026-09-05 12:19:54.432409,f
VKTR,929,2026-09-05 12:19:54.432409,f
VOKS,930,2026-09-05 12:19:54.432409,f
VRNA,931,2026-09-05 12:19:54.432409,f
VTNY,932,2026-09-05 12:19:54.432409,f
WAPO,933,2026-09-05 12:19:54.432409,f
WBSA,934,2026-09-05 12:19:54.432409,f
WEGE,935,2026-09-05 12:19:54.432409,f
WEHA,936,2026-09-05 12:19:54.432409,f
WGSH,937,2026-09-05 12:19:54.432409,f
WICO,938,2026-09-05 12:19:54.432409,f
WIDI,939,2026-09-05 12:19:54.432409,f
WIFI,940,2026-09-05 12:19:54.432409,f
WIIM,941,2026-09-05 12:19:54.432409,f
WIKA,942,2026-09-05 12:19:54.432409,f
WINE,943,2026-09-05 12:19:54.432409,f
WINR,944,2026-09-05 12:19:54.432409,f
WINS,945,2026-09-05 12:19:54.432409,f
WIRG,946,2026-09-05 12:19:54.432409,f
WMPP,947,2026-09-05 12:19:54.432409,f
WMUU,948,2026-09-05 12:19:54.432409,f
WOMF,949,2026-09-05 12:19:54.432409,f
WOOD,950,2026-09-05 12:19:54.432409,f
WOWS,951,2026-09-05 12:19:54.432409,f
WSBP,952,2026-09-05 12:19:54.432409,f
WSKT,953,2026-09-05 12:19:54.432409,f
WTON,954,2026-09-05 12:19:54.432409,f
YELO,955,2026-09-05 12:19:54.432409,f
YOII,956,2026-09-05 12:19:54.432409,f
YPAS,957,2026-09-05 12:19:54.432409,f
YULE,958,2026-09-05 12:19:54.432409,f
YUPI,959,2026-09-05 12:19:54.432409,f
ZATA,960,2026-09-05 12:19:54.432409,f
ZBRA,961,2026-09-05 12:19:54.432409,f
ZINC,962,2026-09-05 12:19:54.432409,f
ZONE,963,2026-09-05 12:19:54.432409,f
ZYRX,964,2026-09-05 12:19:54.432409,f
